Hashtag,Instagram,Reddit,YouTube,Bluesky,Twitter/X
#LearnGraph,https://www.instagram.com/explore/tags/learngraph,https://www.reddit.com/search/?q=%23LearnGraph,https://www.youtube.com/results?search_query=%23LearnGraph,https://bsky.app/search?q=%23LearnGraph,https://twitter.com/search?q=%23LearnGraph
#EdTech,https://www.instagram.com/explore/tags/edtech,https://www.reddit.com/search/?q=%23EdTech,https://www.youtube.com/results?search_query=%23EdTech,https://bsky.app/search?q=%23EdTech,https://twitter.com/search?q=%23EdTech
#OpenEducation,https://www.instagram.com/explore/tags/openeducation,https://www.reddit.com/search/?q=%23OpenEducation,https://www.youtube.com/results?search_query=%23OpenEducation,https://bsky.app/search?q=%23OpenEducation,https://twitter.com/search?q=%23OpenEducation
#FutureOfEducation,https://www.instagram.com/explore/tags/futureofeducation,https://www.reddit.com/search/?q=%23FutureOfEducation,https://www.youtube.com/results?search_query=%23FutureOfEducation,https://bsky.app/search?q=%23FutureOfEducation,https://twitter.com/search?q=%23FutureOfEducation
#PersonalizedLearning,https://www.instagram.com/explore/tags/personalizedlearning,https://www.reddit.com/search/?q=%23PersonalizedLearning,https://www.youtube.com/results?search_query=%23PersonalizedLearning,https://bsky.app/search?q=%23PersonalizedLearning,https://twitter.com/search?q=%23PersonalizedLearning
#LifelongLearning,https://www.instagram.com/explore/tags/lifelonglearning,https://www.reddit.com/search/?q=%23LifelongLearning,https://www.youtube.com/results?search_query=%23LifelongLearning,https://bsky.app/search?q=%23LifelongLearning,https://twitter.com/search?q=%23LifelongLearning
#KnowledgeGraph,https://www.instagram.com/explore/tags/knowledgegraph,https://www.reddit.com/search/?q=%23KnowledgeGraph,https://www.youtube.com/results?search_query=%23KnowledgeGraph,https://bsky.app/search?q=%23KnowledgeGraph,https://twitter.com/search?q=%23KnowledgeGraph
#KnowledgeMapping,https://www.instagram.com/explore/tags/knowledgemapping,https://www.reddit.com/search/?q=%23KnowledgeMapping,https://www.youtube.com/results?search_query=%23KnowledgeMapping,https://bsky.app/search?q=%23KnowledgeMapping,https://twitter.com/search?q=%23KnowledgeMapping
#PeerLearning,https://www.instagram.com/explore/tags/peerlearning,https://www.reddit.com/search/?q=%23PeerLearning,https://www.youtube.com/results?search_query=%23PeerLearning,https://bsky.app/search?q=%23PeerLearning,https://twitter.com/search?q=%23PeerLearning
#MentorshipMatters,https://www.instagram.com/explore/tags/mentorshipmatters,https://www.reddit.com/search/?q=%23MentorshipMatters,https://www.youtube.com/results?search_query=%23MentorshipMatters,https://bsky.app/search?q=%23MentorshipMatters,https://twitter.com/search?q=%23MentorshipMatters
#LearningCommunities,https://www.instagram.com/explore/tags/learningcommunities,https://www.reddit.com/search/?q=%23LearningCommunities,https://www.youtube.com/results?search_query=%23LearningCommunities,https://bsky.app/search?q=%23LearningCommunities,https://twitter.com/search?q=%23LearningCommunities
#CognitiveScience,https://www.instagram.com/explore/tags/cognitivescience,https://www.reddit.com/search/?q=%23CognitiveScience,https://www.youtube.com/results?search_query=%23CognitiveScience,https://bsky.app/search?q=%23CognitiveScience,https://twitter.com/search?q=%23CognitiveScience
#HowWeLearn,https://www.instagram.com/explore/tags/howwelearn,https://www.reddit.com/search/?q=%23HowWeLearn,https://www.youtube.com/results?search_query=%23HowWeLearn,https://bsky.app/search?q=%23HowWeLearn,https://twitter.com/search?q=%23HowWeLearn
#AIinEducation,https://www.instagram.com/explore/tags/aiineducation,https://www.reddit.com/search/?q=%23AIinEducation,https://www.youtube.com/results?search_query=%23AIinEducation,https://bsky.app/search?q=%23AIinEducation,https://twitter.com/search?q=%23AIinEducation
#LearningAnalytics,https://www.instagram.com/explore/tags/learninganalytics,https://www.reddit.com/search/?q=%23LearningAnalytics,https://www.youtube.com/results?search_query=%23LearningAnalytics,https://bsky.app/search?q=%23LearningAnalytics,https://twitter.com/search?q=%23LearningAnalytics
#Metacognition,https://www.instagram.com/explore/tags/metacognition,https://www.reddit.com/search/?q=%23Metacognition,https://www.youtube.com/results?search_query=%23Metacognition,https://bsky.app/search?q=%23Metacognition,https://twitter.com/search?q=%23Metacognition
#Web3Education,https://www.instagram.com/explore/tags/web3education,https://www.reddit.com/search/?q=%23Web3Education,https://www.youtube.com/results?search_query=%23Web3Education,https://bsky.app/search?q=%23Web3Education,https://twitter.com/search?q=%23Web3Education
#DecentralizedLearning,https://www.instagram.com/explore/tags/decentralizedlearning,https://www.reddit.com/search/?q=%23DecentralizedLearning,https://www.youtube.com/results?search_query=%23DecentralizedLearning,https://bsky.app/search?q=%23DecentralizedLearning,https://twitter.com/search?q=%23DecentralizedLearning
#SemanticWeb,https://www.instagram.com/explore/tags/semanticweb,https://www.reddit.com/search/?q=%23SemanticWeb,https://www.youtube.com/results?search_query=%23SemanticWeb,https://bsky.app/search?q=%23SemanticWeb,https://twitter.com/search?q=%23SemanticWeb
#BlueskySocial,https://www.instagram.com/explore/tags/blueskysocial,https://www.reddit.com/search/?q=%23BlueskySocial,https://www.youtube.com/results?search_query=%23BlueskySocial,https://bsky.app/search?q=%23BlueskySocial,https://twitter.com/search?q=%23BlueskySocial